product_id,jan_code,product_name,brand_name,manufacturer_name,category_large,category_medium,category_small,unit_price,cost_price,unit_volume,unit_measure,launch_date,product_description,is_new_product
P0001,49938102824,お～いお茶 緑茶 525ml,お～いお茶,伊藤園,飲料,茶系飲料,緑茶,140,77,525,ml,2008-04-08,国産茶葉100%使用の緑茶飲料,False
P0002,49282892679,お～いお茶 濃い茶 525ml,お～いお茶,伊藤園,飲料,茶系飲料,緑茶,140,93,525,ml,2017-02-19,カテキン2倍の濃い緑茶,False
P0003,49653021520,伊右衛門 525ml,伊右衛門,サントリー,飲料,茶系飲料,緑茶,140,77,525,ml,2006-04-17,京都福寿園の茶匠が厳選した緑茶,False
P0004,49889071434,綾鷹 525ml,綾鷹,コカ・コーラ,飲料,茶系飲料,緑茶,140,90,525,ml,2022-11-23,急須でいれたような味わいの緑茶,False
P0005,49814267873,生茶 525ml,生茶,キリン,飲料,茶系飲料,緑茶,140,82,525,ml,2018-05-26,生茶葉抽出物を使用した緑茶,False
P0006,49108513615,サントリー天然水 550ml,天然水,サントリー,飲料,水・炭酸水,ミネラルウォーター,110,73,550,ml,2010-05-05,南アルプスの天然水,False
P0007,49382216514,い・ろ・は・す 555ml,い・ろ・は・す,コカ・コーラ,飲料,水・炭酸水,ミネラルウォーター,110,62,555,ml,2012-02-12,厳選された日本の天然水,False
P0008,49550825333,クリスタルガイザー 500ml,クリスタルガイザー,大塚食品,飲料,水・炭酸水,ミネラルウォーター,90,61,500,ml,2023-08-18,アメリカ産ナチュラルミネラルウォーター,False
P0009,49263617201,サントリー天然水 スパークリング 500ml,天然水,サントリー,飲料,水・炭酸水,炭酸水,120,67,500,ml,2009-11-20,天然水使用の炭酸水,False
P0010,49574004150,ウィルキンソン タンサン 500ml,ウィルキンソン,アサヒ飲料,飲料,水・炭酸水,炭酸水,110,73,500,ml,2001-11-08,強炭酸の本格炭酸水,False
P0011,49479302307,ジョージア エメラルドマウンテン 185g,ジョージア,コカ・コーラ,飲料,コーヒー飲料,缶コーヒー,130,90,185,g,2003-07-09,エメラルドマウンテン豆使用の缶コーヒー,False
P0012,49694296977,BOSS レインボーマウンテン 185g,BOSS,サントリー,飲料,コーヒー飲料,缶コーヒー,130,75,185,g,2011-04-22,ブラジル最高級豆使用の缶コーヒー,False
P0013,49449932169,FIRE 挽きたて微糖 185g,FIRE,キリン,飲料,コーヒー飲料,缶コーヒー,130,84,185,g,2005-09-24,挽きたて豆の香り微糖コーヒー,False
P0014,49420873677,タリーズコーヒー バリスタズブラック 390ml,タリーズ,伊藤園,飲料,コーヒー飲料,ペットボトルコーヒー,160,100,390,ml,2008-11-23,タリーズ監修のブラックコーヒー,False
P0015,49830004598,クラフトボス ブラック 500ml,BOSS,サントリー,飲料,コーヒー飲料,ペットボトルコーヒー,160,106,500,ml,2024-01-08,すっきり飲めるペットボトルコーヒー,False
P0016,49142076168,午後の紅茶 ストレートティー 500ml,午後の紅茶,キリン,飲料,茶系飲料,紅茶,150,92,500,ml,2002-04-19,スリランカ産茶葉使用のストレートティー,False
P0017,49512454483,午後の紅茶 ミルクティー 500ml,午後の紅茶,キリン,飲料,茶系飲料,紅茶,150,99,500,ml,2012-11-15,まろやかなミルクティー,False
P0018,49287265339,リプトン レモンティー 500ml,リプトン,サントリー,飲料,茶系飲料,紅茶,150,86,500,ml,2023-09-18,爽やかなレモンティー,False
P0019,49444388019,十六茶 630ml,十六茶,アサヒ飲料,飲料,茶系飲料,ブレンド茶,150,105,630,ml,2012-06-08,16素材をブレンドしたカフェインゼロのお茶,False
P0020,49281319348,爽健美茶 600ml,爽健美茶,コカ・コーラ,飲料,茶系飲料,ブレンド茶,150,95,600,ml,2024-01-28,すっきりブレンド茶,False
P0021,49243713504,コカ・コーラ 500ml,コカ・コーラ,コカ・コーラ,飲料,炭酸飲料,コーラ,150,98,500,ml,2021-07-20,世界中で愛される炭酸飲料,False
P0022,49183267304,ペプシコーラ 490ml,ペプシ,サントリー,飲料,炭酸飲料,コーラ,150,92,490,ml,2014-09-09,爽快な味わいのコーラ,False
P0023,49825121188,三ツ矢サイダー 500ml,三ツ矢サイダー,アサヒ飲料,飲料,炭酸飲料,サイダー,150,99,500,ml,2003-11-18,磨かれた水と果実で作るサイダー,False
P0024,49449736573,ファンタ グレープ 500ml,ファンタ,コカ・コーラ,飲料,炭酸飲料,フルーツ炭酸,150,85,500,ml,2013-03-15,グレープ味の炭酸飲料,False
P0025,49104255315,C.C.レモン 500ml,C.C.レモン,サントリー,飲料,炭酸飲料,フルーツ炭酸,150,107,500,ml,2024-03-17,レモン70個分のビタミンC,False
P0026,49239475889,トロピカーナ 100%オレンジ 330ml,トロピカーナ,キリン,飲料,果汁飲料,オレンジジュース,160,110,330,ml,2016-10-07,果汁100%オレンジジュース,False
P0027,49300327126,カゴメ 野菜生活100 200ml,野菜生活,カゴメ,飲料,果汁飲料,野菜ジュース,100,67,200,ml,2017-09-01,21種の野菜と3種の果実ミックス,False
P0028,49885046310,充実野菜 緑黄色野菜ミックス 200ml,充実野菜,伊藤園,飲料,果汁飲料,野菜ジュース,100,63,200,ml,2003-06-27,20種の野菜と3種の果実,False
P0029,49503064923,ポカリスエット 500ml,ポカリスエット,大塚製薬,飲料,スポーツ・機能性飲料,スポーツドリンク,160,89,500,ml,2018-02-03,体液に近い成分のスポーツドリンク,False
P0030,49736992133,アクエリアス 500ml,アクエリアス,コカ・コーラ,飲料,スポーツ・機能性飲料,スポーツドリンク,150,107,500,ml,2017-03-05,アミノ酸配合スポーツドリンク,False
P0031,49964748787,モンスターエナジー 355ml,モンスター,アサヒ飲料,飲料,スポーツ・機能性飲料,エナジードリンク,210,149,355,ml,2005-05-17,エナジードリンク,False
P0032,49895077932,レッドブル 250ml,レッドブル,レッドブル,飲料,スポーツ・機能性飲料,エナジードリンク,220,157,250,ml,2017-12-23,翼をさずけるエナジードリンク,False
P0033,49363656107,アサヒスーパードライ 350ml缶,スーパードライ,アサヒビール,飲料,ビール系飲料,ビール,220,135,350,ml,2021-11-12,辛口ビールの代名詞,False
P0034,49674229479,キリン一番搾り 350ml缶,一番搾り,キリンビール,飲料,ビール系飲料,ビール,220,137,350,ml,2007-04-03,一番搾り製法のビール,False
P0035,49543131344,サントリー ザ・プレミアム・モルツ 350ml缶,プレミアムモルツ,サントリー,飲料,ビール系飲料,ビール,260,169,350,ml,2007-10-08,天然水醸造のプレミアムビール,False
P0036,49109422163,サッポロ 黒ラベル 350ml缶,黒ラベル,サッポロビール,飲料,ビール系飲料,ビール,220,147,350,ml,2001-04-03,大人の星のビール,False
P0037,49141176413,キリン のどごし生 350ml缶,のどごし生,キリンビール,飲料,ビール系飲料,新ジャンル,150,84,350,ml,2007-05-22,のどごし爽快な新ジャンル,False
P0038,49736244510,アサヒ ドライゼロ 350ml缶,ドライゼロ,アサヒビール,飲料,ビール系飲料,ノンアルコール,130,83,350,ml,2023-10-19,ビールらしい味わいのノンアルコール,False
P0039,49719534981,氷結 レモン 350ml缶,氷結,キリンビール,飲料,チューハイ・カクテル,チューハイ,170,116,350,ml,2013-04-04,果汁を氷結させた爽快チューハイ,False
P0040,49227048062,ほろよい 白いサワー 350ml缶,ほろよい,サントリー,飲料,チューハイ・カクテル,チューハイ,150,91,350,ml,2013-08-28,アルコール3%のやさしいチューハイ,False
P0041,49171002612,ストロングゼロ ダブルレモン 350ml缶,ストロングゼロ,サントリー,飲料,チューハイ・カクテル,チューハイ,170,95,350,ml,2023-06-26,果実ダブル浸漬の高アルコールチューハイ,False
P0042,49243225073,伊右衛門 京の抹茶入り 600ml,伊右衛門,サントリー,飲料,茶系飲料,緑茶,160,93,600,ml,2026-01-15,宇治抹茶を贅沢に使用した新しい伊右衛門,True
P0043,49340505563,BOSS CRAFT TEA ノンシュガー 500ml,BOSS,サントリー,飲料,茶系飲料,紅茶,170,106,500,ml,2026-02-08,BOSSブランドから新登場のクラフト紅茶,True
P0044,49228331828,ポテトチップス うすしお味 60g,ポテトチップス,カルビー,菓子,スナック菓子,ポテトチップス,150,99,60,g,2017-01-03,じゃがいもの美味しさが際立つうすしお味,False
P0045,49409823724,ポテトチップス コンソメパンチ 60g,ポテトチップス,カルビー,菓子,スナック菓子,ポテトチップス,150,92,60,g,2015-04-28,パンチの効いたコンソメ味,False
P0046,49625651960,ポテトチップス のり塩 60g,ポテトチップス,カルビー,菓子,スナック菓子,ポテトチップス,150,86,60,g,2000-07-09,青のりと塩の絶妙なバランス,False
P0047,49696385673,じゃがりこ サラダ 60g,じゃがりこ,カルビー,菓子,スナック菓子,スティック菓子,160,99,60,g,2023-09-22,食べだしたらキリンがない,False
P0048,49737883536,かっぱえびせん 85g,かっぱえびせん,カルビー,菓子,スナック菓子,えびせん,150,87,85,g,2006-01-19,やめられないとまらないかっぱえびせん,False
P0049,49810661998,カラムーチョ ホットチリ味 55g,カラムーチョ,湖池屋,菓子,スナック菓子,ポテトチップス,150,101,55,g,2001-01-19,辛くてうまい激辛スナック,False
P0050,49724939238,湖池屋ポテトチップス のり塩 60g,湖池屋ポテトチップス,湖池屋,菓子,スナック菓子,ポテトチップス,150,105,60,g,2016-03-02,のり塩ポテトチップスの元祖,False
P0051,49765622312,プリングルズ サワークリーム&オニオン 110g,プリングルズ,日本ケロッグ,菓子,スナック菓子,ポテトチップス,250,173,110,g,2002-10-03,成型ポテトチップス,False
P0052,49985014853,柿の種 6袋詰 200g,柿の種,亀田製菓,菓子,米菓,あられ・おかき,280,173,200,g,2018-04-19,ピーナッツ入りの定番米菓,False
P0053,49879241651,ハッピーターン 108g,ハッピーターン,亀田製菓,菓子,米菓,あられ・おかき,250,163,108,g,2013-11-19,ハッピーパウダーがやみつきの米菓,False
P0054,49840859565,明治ミルクチョコレート 50g,明治チョコレート,明治,菓子,チョコレート,板チョコ,150,90,50,g,2008-04-22,まろやかな味わいのミルクチョコ,False
P0055,49511804910,チョコレート効果 カカオ72% 75g,チョコレート効果,明治,菓子,チョコレート,ハイカカオ,280,166,75,g,2004-11-21,高カカオポリフェノールチョコ,False
P0056,49493218491,ガーナ ミルクチョコレート 50g,ガーナ,ロッテ,菓子,チョコレート,板チョコ,150,90,50,g,2024-02-01,ガーナ産カカオのミルクチョコ,False
P0057,49700682638,きのこの山 74g,きのこの山,明治,菓子,チョコレート,チョコスナック,200,112,74,g,2006-09-09,チョコとクラッカーのきのこ型スナック,False
P0058,49273616718,たけのこの里 70g,たけのこの里,明治,菓子,チョコレート,チョコスナック,200,139,70,g,2007-06-10,チョコとクッキーのたけのこ型スナック,False
P0059,49306768179,ポッキー チョコレート 72g,ポッキー,グリコ,菓子,チョコレート,チョコスナック,180,124,72,g,2022-05-20,スティック型チョコレート菓子,False
P0060,49957179666,トッポ 72g,トッポ,ロッテ,菓子,チョコレート,チョコスナック,180,99,72,g,2017-05-22,最後までチョコたっぷりのプレッツェル,False
P0061,49235773200,アルフォート 89g,アルフォート,ブルボン,菓子,チョコレート,チョコビスケット,200,118,89,g,2003-12-18,全粒粉ビスケット×チョコレート,False
P0062,49303745462,ビスコ 15枚,ビスコ,グリコ,菓子,ビスケット・クッキー,ビスケット,150,89,15,枚,2006-12-11,乳酸菌入りクリームサンドビスケット,False
P0063,49366855325,カントリーマアム バニラ 20枚,カントリーマアム,不二家,菓子,ビスケット・クッキー,クッキー,300,190,20,枚,2008-01-03,しっとり食感のチョコチップクッキー,False
P0064,49931367939,オレオ バニラクリーム 18枚,オレオ,モンデリーズ,菓子,ビスケット・クッキー,ビスケット,250,172,18,枚,2001-01-11,ココアクッキー×バニラクリーム,False
P0065,49271465291,キシリトールガム ライムミント 14粒,キシリトール,ロッテ,菓子,キャンディ・ガム,ガム,150,86,14,粒,2014-09-23,特定保健用食品のキシリトールガム,False
P0066,49660571158,のど飴 100g,のど飴,カンロ,菓子,キャンディ・ガム,キャンディ,250,142,100,g,2022-03-18,29種のハーブ配合ののど飴,False
P0067,49147227049,果汁グミ ぶどう 51g,果汁グミ,明治,菓子,グミ,フルーツグミ,130,84,51,g,2004-07-05,果汁100%のジューシーグミ,False
P0068,49154826050,じゃがりこ 明太チーズもんじゃ味 52g,じゃがりこ,カルビー,菓子,スナック菓子,スティック菓子,170,104,52,g,2026-01-28,期間限定の明太チーズもんじゃ味,True
P0069,49375355088,ポッキー 贅沢仕立て 濃厚宇治抹茶 82g,ポッキー,グリコ,菓子,チョコレート,チョコスナック,250,165,82,g,2026-01-25,宇治抹茶を贅沢に使った大人のポッキー,True
P0070,49913513532,キッコーマン 特選丸大豆しょうゆ 500ml,キッコーマン,キッコーマン,調味料,醤油,濃口醤油,350,247,500,ml,2007-03-26,丸大豆100%使用の本醸造醤油,False
P0071,49332067755,ヤマサ 丸大豆しょうゆ 500ml,ヤマサ,ヤマサ醤油,調味料,醤油,濃口醤油,320,177,500,ml,2023-06-26,丸大豆使用の濃口醤油,False
P0072,49639645065,マルコメ 料亭の味 750g,料亭の味,マルコメ,調味料,味噌,合わせ味噌,380,226,750,g,2022-02-13,だし入り合わせ味噌,False
P0073,49150758711,ハナマルキ おいしいよ 750g,おいしいよ,ハナマルキ,調味料,味噌,合わせ味噌,350,205,750,g,2014-06-10,だし入り合わせ味噌,False
P0074,49398314652,ミツカン 穀物酢 500ml,ミツカン,ミツカン,調味料,酢・ビネガー,穀物酢,200,110,500,ml,2006-07-11,料理の定番穀物酢,False
P0075,49465172137,味ぽん 360ml,味ぽん,ミツカン,調味料,酢・ビネガー,ポン酢,280,200,360,ml,2008-06-21,柑橘果汁入りのぽん酢,False
P0076,49767687548,キューピー マヨネーズ 450g,キューピー,キユーピー,調味料,マヨネーズ・ドレッシング,マヨネーズ,350,232,450,g,2017-06-01,卵黄タイプのマヨネーズ,False
P0077,49251185279,キューピー 深煎りごまドレッシング 380ml,キューピー,キユーピー,調味料,マヨネーズ・ドレッシング,ドレッシング,350,203,380,ml,2008-01-04,深煎りごまの濃厚ドレッシング,False
P0078,49881938119,キューピー シーザーサラダドレッシング 380ml,キューピー,キユーピー,調味料,マヨネーズ・ドレッシング,ドレッシング,350,213,380,ml,2010-07-20,チーズ香るシーザードレッシング,False
P0079,49770332894,ほんだし 60g,ほんだし,味の素,調味料,だし・ブイヨン,和風だし,280,172,60,g,2018-04-09,かつおぶしのだしの素,False
P0080,49158178144,味の素 70g瓶,味の素,味の素,調味料,うま味調味料,うま味調味料,300,165,70,g,2017-11-24,グルタミン酸ナトリウムのうま味調味料,False
P0081,49979004228,Cook Do 回鍋肉用 3-4人前,Cook Do,味の素,調味料,合わせ調味料,中華合わせ調味料,250,152,3-4人前,個,2002-11-11,回鍋肉が簡単に作れる合わせ調味料,False
P0082,49916786143,Cook Do 青椒肉絲用 3-4人前,Cook Do,味の素,調味料,合わせ調味料,中華合わせ調味料,250,165,3-4人前,個,2003-12-10,青椒肉絲が簡単に作れる合わせ調味料,False
P0083,49764696067,Cook Do 麻婆豆腐用 中辛 3-4人前,Cook Do,味の素,調味料,合わせ調味料,中華合わせ調味料,250,165,3-4人前,個,2010-07-23,麻婆豆腐が簡単に作れる合わせ調味料,False
P0084,49487523085,カゴメ トマトケチャップ 500g,カゴメ,カゴメ,調味料,ソース・ケチャップ,ケチャップ,280,163,500,g,2021-07-22,完熟トマト使用のケチャップ,False
P0085,49328105930,ブルドック 中濃ソース 500ml,ブルドック,ブルドックソース,調味料,ソース・ケチャップ,中濃ソース,300,185,500,ml,2000-05-10,万能中濃ソース,False
P0086,49375498043,オタフク お好みソース 500g,オタフク,オタフクソース,調味料,ソース・ケチャップ,お好みソース,350,239,500,g,2019-11-11,お好み焼きに欠かせないソース,False
P0087,49709468238,S&B カレー粉 37g,S&B,エスビー食品,調味料,スパイス・香辛料,カレー粉,300,187,37,g,2006-09-16,30種以上のスパイスをブレンド,False
P0088,49322412389,S&B おろし生わさび 43g,S&B,エスビー食品,調味料,スパイス・香辛料,わさび,180,107,43,g,2021-11-20,本わさび使用のおろしわさび,False
P0089,49539332530,ハウス おろし生しょうが 40g,ハウス,ハウス食品,調味料,スパイス・香辛料,しょうが,160,110,40,g,2024-04-22,すりおろし生しょうが,False
P0090,49506874680,タカラ 本みりん 500ml,タカラ,宝酒造,調味料,料理酒・みりん,みりん,400,274,500,ml,2004-01-02,もち米と米麹から作った本みりん,False
P0091,49420928784,日の出 料理酒 500ml,日の出,キング醸造,調味料,料理酒・みりん,料理酒,250,163,500,ml,2024-02-15,料理にコクを加える料理酒,False
P0092,49643214185,日清 サラダ油 1000g,日清オイリオ,日清オイリオ,調味料,食用油,サラダ油,400,268,1000,g,2012-08-13,汎用サラダ油,False
P0093,49419793417,日清 ヘルシーごま香油 130g,日清オイリオ,日清オイリオ,調味料,食用油,ごま油,350,231,130,g,2000-02-25,香り高いごま油,False
P0094,49657244585,カップヌードル 78g,カップヌードル,日清食品,即席食品,カップ麺,カップラーメン,230,133,78,g,2022-09-15,世界初のカップ麺,False
P0095,49165825082,カップヌードル シーフード 75g,カップヌードル,日清食品,即席食品,カップ麺,カップラーメン,230,162,75,g,2003-08-05,シーフード味のカップヌードル,False
P0096,49709019702,カップヌードル カレー 87g,カップヌードル,日清食品,即席食品,カップ麺,カップラーメン,230,165,87,g,2019-06-25,スパイシーカレー味のカップヌードル,False
P0097,49680089270,どん兵衛 きつねうどん 96g,どん兵衛,日清食品,即席食品,カップ麺,カップうどん,220,136,96,g,2017-08-06,ふっくらおあげのきつねうどん,False
P0098,49722168373,どん兵衛 天ぷらそば 100g,どん兵衛,日清食品,即席食品,カップ麺,カップそば,220,130,100,g,2007-11-09,サクサク天ぷらのおそば,False
P0099,49783278939,赤いきつね うどん 96g,赤いきつね,東洋水産,即席食品,カップ麺,カップうどん,220,144,96,g,2008-08-03,おあげたっぷりのカップうどん,False
P0100,49474504841,緑のたぬき 天そば 101g,緑のたぬき,東洋水産,即席食品,カップ麺,カップそば,220,131,101,g,2010-09-03,天ぷら入りカップそば,False
P0101,49281363471,スーパーカップ1.5倍 豚骨ラーメン 114g,スーパーカップ,エースコック,即席食品,カップ麺,カップラーメン,230,135,114,g,2022-03-23,大盛り豚骨ラーメン,False
P0102,49380432052,チキンラーメン 5食パック,チキンラーメン,日清食品,即席食品,袋麺,インスタントラーメン,500,310,5食,個,2010-09-15,元祖鶏ガラ即席ラーメン,False
P0103,49644962020,サッポロ一番 みそラーメン 5食パック,サッポロ一番,サンヨー食品,即席食品,袋麺,インスタントラーメン,500,292,5食,個,2013-07-25,みそ味の定番袋ラーメン,False
P0104,49865561320,サッポロ一番 塩らーめん 5食パック,サッポロ一番,サンヨー食品,即席食品,袋麺,インスタントラーメン,500,347,5食,個,2024-10-13,塩味の定番袋ラーメン,False
P0105,49725181096,マルちゃん正麺 醤油味 5食パック,マルちゃん正麺,東洋水産,即席食品,袋麺,インスタントラーメン,530,376,5食,個,2009-07-28,生麺うまいまま製法の醤油ラーメン,False
P0106,49649219818,マ・マー 早ゆでスパゲティ 1.6mm 500g,マ・マー,日清フーズ,即席食品,パスタ・麺類,パスタ乾麺,280,189,500,g,2017-10-08,ゆで時間3分の早ゆでスパゲティ,False
P0107,49739934595,マ・マー あえるだけパスタソース たらこ 2人前,マ・マー,日清フーズ,即席食品,パスタソース,パスタソース,200,119,2人前,個,2015-01-13,混ぜるだけのたらこパスタソース,False
P0108,49540577624,マ・マー あえるだけパスタソース ペペロンチーノ 2人前,マ・マー,日清フーズ,即席食品,パスタソース,パスタソース,200,134,2人前,個,2014-03-20,混ぜるだけのペペロンチーノソース,False
P0109,49800081441,青の洞窟 ボロネーゼ 140g,青の洞窟,日清フーズ,即席食品,パスタソース,パスタソース,300,211,140,g,2018-10-22,じっくり煮込んだボロネーゼ,False
P0110,49135522375,バーモントカレー 中辛 230g,バーモントカレー,ハウス食品,即席食品,カレールー,カレールー,280,184,230,g,2004-08-06,りんごとはちみつのカレールー,False
P0111,49165905262,ジャワカレー 辛口 185g,ジャワカレー,ハウス食品,即席食品,カレールー,カレールー,280,172,185,g,2006-08-11,スパイシーなジャワカレー,False
P0112,49542367211,こくまろカレー 中辛 140g,こくまろ,ハウス食品,即席食品,カレールー,カレールー,200,119,140,g,2013-05-27,2つのルウをブレンドしたカレー,False
P0113,49207358705,ゴールデンカレー 中辛 198g,ゴールデンカレー,エスビー食品,即席食品,カレールー,カレールー,280,154,198,g,2017-01-12,35種のスパイスを使用したカレー,False
P0114,49393892124,カップヌードル 味噌 83g,カップヌードル,日清食品,即席食品,カップ麺,カップラーメン,230,157,83,g,2025-12-21,濃厚味噌スープのカップヌードル新フレーバー,True
P0115,49424114266,ボンカレーゴールド 中辛 180g,ボンカレー,大塚食品,缶詰・レトルト,レトルト食品,レトルトカレー,250,173,180,g,2019-03-08,レンジで簡単本格カレー,False
P0116,49265448758,銀座カリー 中辛 180g,銀座カリー,明治,缶詰・レトルト,レトルト食品,レトルトカレー,300,199,180,g,2018-04-15,二段仕込みの上質カレー,False
P0117,49435867043,LEE 辛さ×20倍 180g,LEE,グリコ,缶詰・レトルト,レトルト食品,レトルトカレー,350,202,180,g,2019-12-23,激辛レトルトカレー,False
P0118,49250123683,いなば ライトツナ スーパーノンオイル 70g×3,いなば,いなば食品,缶詰・レトルト,缶詰,ツナ缶,350,249,70×3,g,2003-10-01,ノンオイルのヘルシーツナ缶,False
P0119,49508887149,はごろも シーチキンL 70g×3,シーチキン,はごろもフーズ,缶詰・レトルト,缶詰,ツナ缶,400,246,70×3,g,2022-04-03,まぐろ油漬けのツナ缶,False
P0120,49876074978,マルハニチロ さば水煮 190g,マルハニチロ,マルハニチロ,缶詰・レトルト,缶詰,さば缶,220,124,190,g,2024-05-28,国産さばの水煮缶,False
P0121,49996872983,マルハニチロ さば味噌煮 190g,マルハニチロ,マルハニチロ,缶詰・レトルト,缶詰,さば缶,230,157,190,g,2018-01-12,甘辛味噌味のさば缶,False
P0122,49798278018,いなば とりささみフレーク 70g×3,いなば,いなば食品,缶詰・レトルト,缶詰,鶏肉缶,350,231,70×3,g,2002-09-21,低脂肪のとりささみフレーク,False
P0123,49547251207,クノール カップスープ コーンクリーム 3袋入,クノール,味の素,缶詰・レトルト,スープ,カップスープ,250,173,3袋,個,2015-02-14,つぶコーン入りのコーンスープ,False
P0124,49574728532,クノール カップスープ ポタージュ 3袋入,クノール,味の素,缶詰・レトルト,スープ,カップスープ,250,167,3袋,個,2013-03-24,クリーミーなポタージュスープ,False
P0125,49783865425,マルコメ 料亭の味 しじみ 即席味噌汁 12食,料亭の味,マルコメ,缶詰・レトルト,スープ,即席味噌汁,350,229,12食,個,2017-08-15,しじみエキス入り即席味噌汁,False
P0126,49670915397,サトウのごはん 新潟県産コシヒカリ 200g×3,サトウのごはん,サトウ食品,缶詰・レトルト,パックごはん,パックごはん,350,211,200×3,g,2007-02-09,レンジで2分のパックごはん,False
P0127,49690874995,サトウのごはん 銀シャリ 200g×5,サトウのごはん,サトウ食品,缶詰・レトルト,パックごはん,パックごはん,550,372,200×5,g,2018-10-22,ふっくら銀シャリのパックごはん,False
P0128,49596746511,丸美屋 麻婆豆腐の素 中辛 162g,丸美屋,丸美屋,缶詰・レトルト,レトルト食品,レトルトおかず,220,122,162,g,2010-03-16,ひき肉入り麻婆豆腐の素,False
P0129,49378026813,丸美屋 のりたま 28g,丸美屋,丸美屋,缶詰・レトルト,ふりかけ,ふりかけ,150,102,28,g,2010-05-20,たまごとのりのふりかけ,False
P0130,49462111166,明治おいしい牛乳 900ml,おいしい牛乳,明治,乳製品,牛乳,牛乳,280,178,900,ml,2006-02-08,ナチュラルテイスト製法の牛乳,False
P0131,49632719004,森永のおいしい牛乳 1000ml,森永牛乳,森永乳業,乳製品,牛乳,牛乳,270,173,1000,ml,2007-12-16,おいしさキープ製法の牛乳,False
P0132,49946599041,明治ブルガリアヨーグルト LB81 プレーン 400g,ブルガリア,明治,乳製品,ヨーグルト,プレーンヨーグルト,260,162,400,g,2000-02-10,LB81乳酸菌のプレーンヨーグルト,False
P0133,49390457625,明治R-1ヨーグルト 112g,R-1,明治,乳製品,ヨーグルト,機能性ヨーグルト,150,100,112,g,2009-11-19,1073R-1乳酸菌使用のヨーグルト,False
P0134,49583688753,ビヒダス プレーンヨーグルト 400g,ビヒダス,森永乳業,乳製品,ヨーグルト,プレーンヨーグルト,250,161,400,g,2011-07-24,ビフィズス菌BB536使用のヨーグルト,False
P0135,49821406419,ダノン ビオ プレーン 80g×4,ダノンビオ,ダノンジャパン,乳製品,ヨーグルト,機能性ヨーグルト,280,170,80×4,g,2014-05-10,BE80菌のプレーンヨーグルト,False
P0136,49429514777,雪印 6Pチーズ 108g,6Pチーズ,雪印メグミルク,乳製品,チーズ,プロセスチーズ,350,199,108,g,2006-06-04,食べきりサイズのプロセスチーズ,False
P0137,49802364033,雪印 とろけるスライス 7枚入,とろけるスライス,雪印メグミルク,乳製品,チーズ,スライスチーズ,300,174,7枚,枚,2023-08-09,加熱でとろけるスライスチーズ,False
P0138,49872789595,kiri クリームチーズ 6個入,kiri,ベル ジャポン,乳製品,チーズ,クリームチーズ,380,247,6個,個,2003-04-10,なめらかクリームチーズ,False
P0139,49398166912,QBB ベビーチーズ プレーン 4個入,QBB,六甲バター,乳製品,チーズ,プロセスチーズ,200,116,4個,個,2000-12-18,一口サイズのベビーチーズ,False
P0140,49265915494,雪印 北海道バター 200g,雪印バター,雪印メグミルク,乳製品,バター・マーガリン,バター,450,250,200,g,2001-09-10,北海道産生乳100%のバター,False
P0141,49265519042,明治 コーンソフト 300g,コーンソフト,明治,乳製品,バター・マーガリン,マーガリン,250,141,300,g,2000-10-10,コーン油使用の植物性マーガリン,False
P0142,49715248843,森永 牛乳プリン 85g,牛乳プリン,森永乳業,乳製品,デザート,プリン,120,74,85,g,2005-01-09,国産牛乳使用のなめらかプリン,False
P0143,49726162869,雪印メグミルク コーヒー 500ml,雪印コーヒー,雪印メグミルク,乳製品,乳飲料,コーヒー牛乳,160,110,500,ml,2012-08-03,ロングセラーのコーヒー牛乳,False
P0144,49856311878,明治R-1ヨーグルト ブルーベリーミックス 112g,R-1,明治,乳製品,ヨーグルト,機能性ヨーグルト,160,92,112,g,2025-12-26,R-1乳酸菌×ブルーベリーの新フレーバー,True
P0145,49425302940,本格炒め炒飯 450g,本格炒め炒飯,ニチレイ,冷凍食品,冷凍米飯,冷凍チャーハン,400,257,450,g,2013-10-20,直火炒めの本格炒飯,False
P0146,49910574697,ザ★チャーハン 600g,ザ★チャーハン,味の素冷凍食品,冷凍食品,冷凍米飯,冷凍チャーハン,450,306,600,g,2012-08-15,焦がしにんにくのマー油仕上げ,False
P0147,49489748025,冷凍餃子 12個入,冷凍餃子,味の素冷凍食品,冷凍食品,冷凍おかず,冷凍餃子,350,210,12個,個,2019-01-20,油・水なしで焼ける冷凍餃子,False
P0148,49230064404,大阪王将 羽根つき餃子 12個入,大阪王将,イートアンド,冷凍食品,冷凍おかず,冷凍餃子,350,229,12個,個,2008-11-03,パリッと羽根つき冷凍餃子,False
P0149,49305854929,からあげチキン 300g,からあげチキン,ニチレイ,冷凍食品,冷凍おかず,冷凍唐揚げ,380,220,300,g,2002-03-01,ジューシーなからあげ,False
P0150,49635458381,若鶏たれづけ唐揚げ 300g,若鶏唐揚げ,味の素冷凍食品,冷凍食品,冷凍おかず,冷凍唐揚げ,380,253,300,g,2015-05-02,甘辛たれの唐揚げ,False
P0151,49403405720,日清 冷凍スパ王 ナポリタン 300g,スパ王,日清食品冷凍,冷凍食品,冷凍麺,冷凍パスタ,280,187,300,g,2022-08-03,レンジで簡単ナポリタン,False
P0152,49405955334,マルハニチロ WILDish 焼豚五目炒飯 250g,WILDish,マルハニチロ,冷凍食品,冷凍米飯,冷凍チャーハン,300,205,250,g,2020-10-22,袋のまま電子レンジ冷凍炒飯,False
P0153,49359287965,ニチレイ お弁当にGood! ミニハンバーグ 6個,お弁当にGood!,ニチレイ,冷凍食品,冷凍弁当おかず,冷凍ハンバーグ,250,142,6個,個,2007-11-05,自然解凍OKのお弁当用ハンバーグ,False
P0154,49448163330,冷凍ブロッコリー 250g,冷凍ブロッコリー,ニチレイ,冷凍食品,冷凍野菜,冷凍野菜,250,140,250,g,2005-05-20,急速冷凍のブロッコリー,False
P0155,49846075728,冷凍ほうれん草 250g,冷凍ほうれん草,ニチレイ,冷凍食品,冷凍野菜,冷凍野菜,250,156,250,g,2014-12-10,急速冷凍のほうれん草,False
P0156,49627575460,冷凍ミックスベジタブル 250g,冷凍ミックスベジタブル,ニチレイ,冷凍食品,冷凍野菜,冷凍野菜,220,139,250,g,2015-08-03,にんじん・コーン・グリーンピースのミックス,False
P0157,49883851653,ザ★から揚げ にんにく醤油味 400g,ザ★から揚げ,味の素冷凍食品,冷凍食品,冷凍おかず,冷凍唐揚げ,450,315,400,g,2026-01-11,にんにく醤油が香る新しい冷凍唐揚げ,True
P0158,49133902496,フルグラ 800g,フルグラ,カルビー,パン・シリアル,シリアル,グラノーラ,700,412,800,g,2021-10-19,ドライフルーツ入りグラノーラ,False
P0159,49127195415,フルグラ 糖質オフ 600g,フルグラ,カルビー,パン・シリアル,シリアル,グラノーラ,700,453,600,g,2024-03-16,糖質25%オフのグラノーラ,False
P0160,49780218245,ごろっとグラノーラ まるごと大豆 400g,ごろグラ,日清シスコ,パン・シリアル,シリアル,グラノーラ,550,388,400,g,2005-10-14,大豆たっぷりのグラノーラ,False
P0161,49932029056,コーンフレーク プレーン 180g,コーンフレーク,日清シスコ,パン・シリアル,シリアル,コーンフレーク,280,200,180,g,2015-06-14,サクサクのコーンフレーク,False
P0162,49536876260,オールブラン オリジナル 235g,オールブラン,日本ケロッグ,パン・シリアル,シリアル,ブランシリアル,400,265,235,g,2005-06-14,食物繊維豊富なブランシリアル,False
P0163,49749425722,ランチパック ピーナッツ 2個入,ランチパック,山崎製パン,パン・シリアル,パン,サンドイッチ,160,106,2個,個,2012-09-02,ピーナッツクリーム入りパン,False
P0164,49696142442,ランチパック たまご 2個入,ランチパック,山崎製パン,パン・シリアル,パン,サンドイッチ,160,96,2個,個,2010-02-25,たまごサラダ入りパン,False
P0165,49629769431,薄皮つぶあんぱん 5個入,薄皮パン,山崎製パン,パン・シリアル,パン,菓子パン,150,103,5個,個,2000-11-28,薄皮でつぶあんたっぷりのあんぱん,False
P0166,49811188569,超熟 食パン 6枚スライス,超熟,Pasco,パン・シリアル,パン,食パン,200,124,6枚,枚,2006-09-12,余計なものは入れない食パン,False
P0167,49916099167,ロイヤルブレッド 6枚スライス,ロイヤルブレッド,山崎製パン,パン・シリアル,パン,食パン,180,118,6枚,枚,2024-01-07,ふんわりソフトな食パン,False
P0168,49450039998,フルグラ ベリーミックス 600g,フルグラ,カルビー,パン・シリアル,シリアル,グラノーラ,750,429,600,g,2026-02-15,4種のベリーをミックスした新しいフルグラ,True
P0169,49735322989,サントリー 烏龍茶 525ml,サントリー烏龍茶,サントリー,飲料,茶系飲料,烏龍茶,150,83,525,ml,2020-10-26,中国福建省産茶葉使用の烏龍茶,False
P0170,49413653594,ヘルシア緑茶 350ml,ヘルシア,花王,飲料,茶系飲料,特定保健用食品,180,108,350,ml,2000-09-14,高濃度カテキンの特保緑茶,False
P0171,49222174681,カルピスウォーター 500ml,カルピス,アサヒ飲料,飲料,乳性飲料,乳酸菌飲料,150,107,500,ml,2003-08-04,カルピスをすっきりウォーターに,False
P0172,49948963522,デカビタC 210ml,デカビタC,サントリー,飲料,炭酸飲料,炭酸飲料,120,76,210,ml,2022-05-17,ビタミンC配合の炭酸飲料,False
P0173,49458387807,マウントレーニア カフェラッテ 240ml,マウントレーニア,森永乳業,飲料,コーヒー飲料,チルドカップコーヒー,170,117,240,ml,2015-04-15,エスプレッソ×ミルクのカフェラッテ,False
P0174,49822553369,堅あげポテト うすしお味 65g,堅あげポテト,カルビー,菓子,スナック菓子,ポテトチップス,160,98,65,g,2019-09-24,ザクッと食感の厚切りポテト,False
P0175,49278922143,サッポロポテト バーベQあじ 85g,サッポロポテト,カルビー,菓子,スナック菓子,スナック,160,95,85,g,2013-06-26,バーベキュー味のスナック,False
P0176,49765505377,プリッツ 旨サラダ 69g,プリッツ,グリコ,菓子,スナック菓子,プレッツェル,160,110,69,g,2009-12-10,野菜の旨みが凝縮したプリッツ,False
P0177,49869319022,コアラのマーチ チョコ 50g,コアラのマーチ,ロッテ,菓子,チョコレート,チョコスナック,150,104,50,g,2014-09-16,コアラの絵柄入りチョコビスケット,False
P0178,49552366446,パイの実 73g,パイの実,ロッテ,菓子,チョコレート,チョコスナック,180,115,73,g,2017-07-15,64層のサクサクパイ×チョコ,False
P0179,49521764090,創味シャンタン DX 250g,創味シャンタン,創味食品,調味料,だし・ブイヨン,中華だし,550,394,250,g,2007-10-13,万能中華調味料,False
P0180,49406137730,鶏がらスープの素 55g,丸鶏がらスープ,味の素,調味料,だし・ブイヨン,中華だし,250,139,55,g,2023-08-23,鶏がらベースの万能だし,False
P0181,49599687325,日清焼そばU.F.O. 128g,U.F.O.,日清食品,即席食品,カップ麺,カップ焼きそば,220,157,128,g,2020-03-16,濃厚ソースの焼きそば,False
P0182,49148523068,ペヤング ソースやきそば 120g,ペヤング,まるか食品,即席食品,カップ麺,カップ焼きそば,200,127,120,g,2018-06-28,からしマヨネーズ付き焼きそば,False
P0183,49231548213,S&B 濃いシチュー クリーム 172g,濃いシチュー,エスビー食品,缶詰・レトルト,レトルト食品,シチュー,280,158,172,g,2014-01-24,クリーミーなシチューの素,False
P0184,49288947717,永谷園 松茸の味お吸いもの 4袋入,永谷園,永谷園,缶詰・レトルト,スープ,お吸いもの,200,139,4袋,個,2004-02-16,松茸の香りのお吸いもの,False
P0185,49447376546,永谷園 お茶づけ海苔 8袋入,永谷園,永谷園,缶詰・レトルト,ふりかけ,お茶漬け,280,183,8袋,個,2012-11-03,あられ入りの定番お茶漬け,False
P0186,49530659742,明治R-1ドリンクタイプ 112ml,R-1,明治,乳製品,ヨーグルト,ドリンクヨーグルト,150,92,112,ml,2010-11-23,1073R-1乳酸菌のドリンクタイプ,False
P0187,49739569864,明治プロビオヨーグルト LG21 112g,LG21,明治,乳製品,ヨーグルト,機能性ヨーグルト,150,83,112,g,2002-04-21,LG21乳酸菌使用の機能性ヨーグルト,False
P0188,49997055708,日清 冷凍スパ王 ミートソース 300g,スパ王,日清食品冷凍,冷凍食品,冷凍麺,冷凍パスタ,280,201,300,g,2023-02-14,レンジで簡単ミートソースパスタ,False
P0189,49229032646,アサヒスーパードライ 生ジョッキ缶 340ml,スーパードライ,アサヒビール,飲料,ビール系飲料,ビール,250,156,340,ml,2025-12-23,まるでお店のジョッキの泡立ちを再現した新商品,True
P0190,49160286314,明治チョコレート効果 カカオ86% 70g,チョコレート効果,明治,菓子,チョコレート,ハイカカオ,300,205,70,g,2026-01-12,カカオ86%の高ポリフェノールチョコ,True
P0191,49290805000,キッコーマン いつでも新鮮しぼりたて生しょうゆ 450ml,いつでも新鮮,キッコーマン,調味料,醤油,生醤油,380,243,450,ml,2025-12-19,二重構造ボトルで新鮮さキープの生醤油,True
P0192,49322803868,マルコメ 液みそ 料亭の味 430g,液みそ,マルコメ,調味料,味噌,液体味噌,350,197,430,g,2026-02-10,液体タイプの味噌で簡単調理,True
